timestamp,cpu_avg
1527379200,0.19824359
1527379500,0.24399146
1527379800,0.3871739
1527380100,0.15561448
1527380400,0.25334203
1527380700,0.2633721
1527381000,0.2612032
1527381300,0.3100929
1527381600,0.24621284
1527381900,0.31243008
1527382200,0.06310409
1527382500,0.26786968
1527382800,0.11109687
1527383100,0.24979591
1527383400,0.31356665
1527383700,0.36688864
1527384000,0.16925481
1527384300,0.23108427
1527384600,0.20876409
1527384900,0.27031216
1527385200,0.2901289
1527385500,0.43036214
1527385800,0.26952803
1527386100,0.025103042
1527386400,0.30680037
1527386700,0.13275751
1527387000,0.15619001
1527387300,0.17335193
1527387600,0.2523745
1527387900,0.33087683
1527388200,0.2906799
1527388500,0.11404299
1527388800,0.68563235
1527389100,0.34070644
1527389400,0.31588358
1527389700,0.33506557
1527390000,0.34809658
1527390300,0.34096423
1527390600,0.3138979
1527390900,0.39703616
1527391200,0.45063657
1527391500,0.26250556
1527391800,0.16997051
1527392100,0.22095703
1527392400,0.4162859
1527392700,0.31472224
1527393000,0.16829291
1527393300,0.39397833
1527393600,0.3601747
1527393900,0.47646514
1527394200,0.3670941
1527394500,0.24572729
1527394800,0.37135002
1527395100,0.24801919
1527395400,0.2960404
1527395700,0.36423358
1527396000,0.38906902
1527396300,0.28660282
1527396600,0.39834836
1527396900,0.3981652
1527397200,0.38428807
1527397500,0.5051001
1527397800,0.4114268
1527398100,0.52005595
1527398400,0.3196575
1527398700,0.41735178
1527399000,0.40406415
1527399300,0.37752777
1527399600,0.79188085
1527399900,0.34503776
1527400200,0.420265
1527400500,0.33518493
1527400800,0.37418148
1527401100,0.4294086
1527401400,0.40516368
1527401700,0.31938252
1527402000,0.39546287
1527402300,0.23189612
1527402600,0.5857419
1527402900,0.3734599
1527403200,0.47795895
1527403500,0.51488596
1527403800,0.5789796
1527404100,0.40700957
1527404400,0.25804028
1527404700,0.48556712
1527405000,0.5607205
1527405300,0.6217442
1527405600,0.5655984
1527405900,0.36136723
1527406200,0.35817102
1527406500,0.50840545
1527406800,0.55251765
1527407100,0.41746417
1527407400,0.4616254
1527407700,0.46549103
1527408000,0.3695133
1527408300,0.47439557
1527408600,0.51498073
1527408900,0.5208893
1527409200,0.5420856
1527409500,0.51281357
1527409800,0.61953735
1527410100,0.52744377
1527410400,0.554095
1527410700,0.5069466
1527411000,0.4974198
1527411300,0.11551504
1527411600,0.64720297
1527411900,0.5636785
1527412200,0.46106073
1527412500,0.5678766
1527412800,0.41712573
1527413100,0.41114646
1527413400,0.5579098
1527413700,0.45527652
1527414000,0.54165226
1527414300,0.48419642
1527414600,0.4641864
1527414900,0.3354501
1527415200,0.6584657
1527415500,0.4813919
1527415800,0.45721066
1527416100,0.41669866
1527416400,0.5580731
1527416700,0.56307256
1527417000,0.5505362
1527417300,0.63610184
1527417600,0.7647385
1527417900,0.5689666
1527418200,0.50203323
1527418500,0.3598867
1527418800,0.5420547
1527419100,0.3692157
1527419400,0.7440405
1527419700,0.525436
1527420000,0.6540167
1527420300,0.46838033
1527420600,0.54904145
1527420900,0.44395432
1527421200,0.33457917
1527421500,0.5389138
1527421800,0.3190163
1527422100,0.46727663
1527422400,0.5197211
1527422700,0.55538845
1527423000,0.49934444
1527423300,0.45100206
1527423600,0.51309717
1527423900,0.27624157
1527424200,0.5193497
1527424500,0.6304952
1527424800,0.41898006
1527425100,0.46512803
1527425400,0.49505156
1527425700,0.45505506
1527426000,0.52210313
1527426300,0.41536644
1527426600,0.3372784
1527426900,0.44041073
1527427200,0.28068826
1527427500,0.43129626
1527427800,0.47411814
1527428100,0.4607036
1527428400,0.3063173
1527428700,0.25248495
1527429000,0.36389244
1527429300,0.3198329
1527429600,0.6036452
1527429900,0.32678416
1527430200,0.41745177
1527430500,0.43332458
1527430800,0.430416
1527431100,0.5080662
1527431400,0.41687468
1527431700,0.51529133
1527432000,0.34177846
1527432300,0.30790314
1527432600,0.22615878
1527432900,0.45674655
1527433200,0.28766122
1527433500,0.31076628
1527433800,0.42362952
1527434100,0.42490754
1527434400,0.3925877
1527434700,0.30796078
1527435000,0.34971857
1527435300,0.3706066
1527435600,0.41626987
1527435900,0.4105557
1527436200,0.5346205
1527436500,0.32365218
1527436800,0.3955062
1527437100,0.39577
1527437400,0.4808587
1527437700,0.6558576
1527438000,0.3363331
1527438300,0.33260182
1527438600,0.2184117
1527438900,0.64393914
1527439200,0.33566573
1527439500,0.4258952
1527439800,0.3039066
1527440100,0.23483661
1527440400,0.49056694
1527440700,0.36932898
1527441000,0.3328994
1527441300,0.41267914
1527441600,0.23508805
1527441900,0.4269269
1527442200,0.4034712
1527442500,0.37579876
1527442800,0.47528058
1527443100,0.25945026
1527443400,0.091312796
1527443700,0.43697655
1527444000,0.27711007
1527444300,0.53067446
1527444600,0.45397606
1527444900,0.460813
1527445200,0.19283473
1527445500,0.36480004
1527445800,0.36905944
1527446100,0.25346026
1527446400,0.2929797
1527446700,0.29268387
1527447000,0.28353876
1527447300,0.23720239
1527447600,0.46268556
1527447900,0.19263001
1527448200,0.3737509
1527448500,0.11657601
1527448800,0.20339844
1527449100,0.3959414
1527449400,0.18871245
1527449700,0.30348948
1527450000,0.19724412
1527450300,0.3009838
1527450600,0.39937627
1527450900,0.18098387
1527451200,0.24317946
1527451500,0.24964195
1527451800,0.107515134
1527452100,0.371302
1527452400,0.22230606
1527452700,0.15646183
1527453000,0.29165864
1527453300,0.45755878
1527453600,0.39842248
1527453900,0.1833466
1527454200,0.30629438
1527454500,0.18448383
1527454800,0.19501641
1527455100,0.19910157
1527455400,0.29622263
1527455700,0.429882
1527456000,0.3446651
1527456300,0.31843394
1527456600,0.1286733
1527456900,0.109215505
1527457200,0.018013967
1527457500,0.46998355
1527457800,0.29525378
1527458100,0.30344254
1527458400,0.2166152
1527458700,0.196235
1527459000,0.36821932
1527459300,0.17508423
1527459600,0.27328774
1527459900,0.3086145
1527460200,0.2802811
1527460500,0.14451776
1527460800,0.16967015
1527461100,0.2141982
1527461400,0.15765157
1527461700,0.20805341
1527462000,0.15946162
1527462300,0.13540314
1527462600,0.021645598
1527462900,0.3111501
1527463200,0.13226154
1527463500,0.2790426
1527463800,0.1542882
1527464100,0.20925671
1527464400,0.2037334
1527464700,0.3141888
1527465000,0.2279437
1527465300,0.24150474
1527465600,0.40516654
1527465900,0.29236147
1527466200,0.22077554
1527466500,0.26605046
1527466800,0.13545154
1527467100,0.28259453
1527467400,0.518288
1527467700,0.13337503
1527468000,0.23912202
1527468300,0.11864437
1527468600,0.23709531
1527468900,0.3871571
1527469200,0.4084141
1527469500,0.44013545
1527469800,0.22120264
1527470100,0.28915668
1527470400,0.2553522
1527470700,0.3586688
1527471000,0.22783358
1527471300,0.09616756
1527471600,0.20271729
1527471900,0.35581598
1527472200,0.26301777
1527472500,0.39584097
1527472800,0.34767112
1527473100,0.27772394
1527473400,0.26063114
1527473700,0.30268863
1527474000,0.39689755
1527474300,0.395385
1527474600,0.5684764
1527474900,0.24839428
1527475200,0.3477843
1527475500,0.42912585
1527475800,0.38531286
1527476100,0.23267289
1527476400,0.21062832
1527476700,0.46650654
1527477000,0.25274226
1527477300,0.40141302
1527477600,0.25752103
1527477900,0.49287093
1527478200,0.42047465
1527478500,0.39095902
1527478800,0.1369823
1527479100,0.124732055
1527479400,0.31610125
1527479700,0.49513456
1527480000,0.30711275
1527480300,0.35578853
1527480600,0.34713623
1527480900,0.31693113
1527481200,0.24457233
1527481500,0.35682476
1527481800,0.48193148
1527482100,0.53522176
1527482400,0.32639778
1527482700,0.341579
1527483000,0.52082217
1527483300,0.40275478
1527483600,0.26427886
1527483900,0.52274764
1527484200,0.3334928
1527484500,0.5267137
1527484800,0.3962756
1527485100,0.45741966
1527485400,0.29780823
1527485700,0.5255485
1527486000,0.46223754
1527486300,0.48016766
1527486600,0.48332864
1527486900,0.44717345
1527487200,0.6282764
1527487500,0.32721356
1527487800,0.43952793
1527488100,0.56513304
1527488400,0.47372612
1527488700,0.44364884
1527489000,0.7315896
1527489300,0.5223927
1527489600,0.44981533
1527489900,0.4686286
1527490200,0.53329164
1527490500,0.3646847
1527490800,0.55179286
1527491100,0.5326638
1527491400,0.52040607
1527491700,0.5599477
1527492000,0.54373735
1527492300,0.56943333
1527492600,0.26034218
1527492900,0.6529858
1527493200,0.5192245
1527493500,0.6015634
1527493800,0.4526383
1527494100,0.39538756
1527494400,0.5627178
1527494700,0.3185437
1527495000,0.45649183
1527495300,0.66888016
1527495600,0.5135346
1527495900,0.41687635
1527496200,0.5008344
1527496500,0.4575887
1527496800,0.5220446
1527497100,0.41108227
1527497400,0.48038092
1527497700,0.48659545
1527498000,0.68685687
1527498300,0.5847422
1527498600,0.58241576
1527498900,0.38699865
1527499200,0.6388498
1527499500,0.49388108
1527499800,0.56389594
1527500100,0.37401295
1527500400,0.50793725
1527500700,0.53910935
1527501000,0.5323408
1527501300,0.52932256
1527501600,0.48651677
1527501900,0.62398356
1527502200,0.61353356
1527502500,0.34513953
1527502800,0.49235564
1527503100,0.5307877
1527503400,0.49375862
1527503700,0.46285388
1527504000,0.49805528
1527504300,0.56363523
1527504600,0.53837293
1527504900,0.572257
1527505200,0.7945299
1527505500,0.3944849
1527505800,0.51334727
1527506100,0.5030502
1527506400,0.33096132
1527506700,0.7947166
1527507000,0.40125343
1527507300,0.5392697
1527507600,0.458382
1527507900,0.47512677
1527508200,0.40048173
1527508500,0.61473894
1527508800,0.37503257
1527509100,0.47314388
1527509400,0.37579322
1527509700,0.5145711
1527510000,0.56239235
1527510300,0.50949806
1527510600,0.43381843
1527510900,0.5177431
1527511200,0.40933812
1527511500,0.34028354
1527511800,0.49415398
1527512100,0.32983568
1527512400,0.2855185
1527512700,0.6601685
1527513000,0.4215407
1527513300,0.40469676
1527513600,0.4269704
1527513900,0.5294879
1527514200,0.54474044
1527514500,0.4981525
1527514800,0.3890339
1527515100,0.6550417
1527515400,0.5762025
1527515700,0.50554985
1527516000,0.36175013
1527516300,0.4146695
1527516600,0.40585214
1527516900,0.39649814
1527517200,0.2989779
1527517500,0.40228528
1527517800,0.54637724
1527518100,0.4673357
1527518400,0.43312204
1527518700,0.3485177
1527519000,0.46886036
1527519300,0.6019466
1527519600,0.4129676
1527519900,0.35292438
1527520200,0.43415287
1527520500,0.4849752
1527520800,0.29287812
1527521100,0.623989
1527521400,0.48534116
1527521700,0.23892817
1527522000,0.4152483
1527522300,0.36028805
1527522600,0.44005278
1527522900,0.26390758
1527523200,0.36183685
1527523500,0.57152003
1527523800,0.41256168
1527524100,0.24665451
1527524400,0.5080732
1527524700,0.46383488
1527525000,0.11616892
1527525300,0.54192847
1527525600,0.37501803
1527525900,0.29093787
1527526200,0.42868719
1527526500,0.25109667
1527526800,0.09266849
1527527100,0.2959184
1527527400,0.41050273
1527527700,0.26526237
1527528000,0.34302276
1527528300,0.31343594
1527528600,0.31236586
1527528900,0.3784884
1527529200,0.35404873
1527529500,0.36356276
1527529800,0.21607347
1527530100,0.3204251
1527530400,0.24789864
1527530700,0.21070583
1527531000,0.3793546
1527531300,0.04845362
1527531600,0.23307832
1527531900,0.23130462
1527532200,0.31756568
1527532500,0.308879
1527532800,0.33039913
1527533100,0.30505383
1527533400,0.4001649
1527533700,0.30606943
1527534000,0.2877735
1527534300,0.14028761
1527534600,0.5633935
1527534900,0.39756095
1527535200,0.17181015
1527535500,0.15485251
1527535800,0.2724696
1527536100,0.35602126
1527536400,0.3151448
1527536700,0.06701172
1527537000,0.2059456
1527537300,0.21295652
1527537600,0.12033294
1527537900,0.20237763
1527538200,0.32912445
1527538500,0.18842687
1527538800,0.3580912
1527539100,0.34651005
1527539400,0.13566864
1527539700,0.20013095
1527540000,0.1493304
1527540300,0.18947856
1527540600,0.63700986
1527540900,0.23328486
1527541200,0.19523033
1527541500,0.09077001
1527541800,0.43783504
1527542100,0.34088612
1527542400,0.24137628
1527542700,0.22225645
1527543000,0.25731292
1527543300,0.01
1527543600,0.20337693
1527543900,0.24347869
1527544200,0.2901775
1527544500,0.21432002
1527544800,0.29749787
1527545100,0.23144308
1527545400,0.25913084
1527545700,0.23173831
1527546000,0.12238913
1527546300,0.20402895
1527546600,0.28537992
1527546900,0.26882365
1527547200,0.20317115
1527547500,0.15240283
1527547800,0.2395779
1527548100,0.24700853
1527548400,0.0195466
1527548700,0.14646186
1527549000,0.434847
1527549300,0.18504661
1527549600,0.14742091
1527549900,0.18208651
1527550200,0.16845068
1527550500,0.20001288
1527550800,0.044850037
1527551100,0.30501232
1527551400,0.29655027
1527551700,0.36976704
1527552000,0.24530426
1527552300,0.3343389
1527552600,0.320455
1527552900,0.28380743
1527553200,0.25898054
1527553500,0.01
1527553800,0.20548521
1527554100,0.33078918
1527554400,0.17272955
1527554700,0.3507854
1527555000,0.5031965
1527555300,0.36474147
1527555600,0.3100802
1527555900,0.14130345
1527556200,0.20569168
1527556500,0.40017268
1527556800,0.35783932
1527557100,0.14926055
1527557400,0.3636008
1527557700,0.2616903
1527558000,0.07926489
1527558300,0.45569885
1527558600,0.45338008
1527558900,0.19433643
1527559200,0.3085575
1527559500,0.26332313
1527559800,0.5228673
1527560100,0.39715382
1527560400,0.37830558
1527560700,0.25681204
1527561000,0.37829036
1527561300,0.2879538
1527561600,0.25171533
1527561900,0.39816523
1527562200,0.38854545
1527562500,0.31753507
1527562800,0.24620318
1527563100,0.2836982
1527563400,0.37943053
1527563700,0.2614947
1527564000,0.26949435
1527564300,0.23339884
1527564600,0.20114574
1527564900,0.4049436
1527565200,0.4086913
1527565500,0.47906002
1527565800,0.32729205
1527566100,0.5215408
1527566400,0.4276678
1527566700,0.4039368
1527567000,0.2936203
1527567300,0.38015494
1527567600,0.34745228
1527567900,0.3560818
1527568200,0.36261684
1527568500,0.47658837
1527568800,0.34075084
1527569100,0.28840554
1527569400,0.31989825
1527569700,0.5246799
1527570000,0.26631832
1527570300,0.46999985
1527570600,0.47347227
1527570900,0.5532691
1527571200,0.29482493
1527571500,0.4222582
1527571800,0.43292487
1527572100,0.4412052
1527572400,0.33800533
1527572700,0.30594933
1527573000,0.5557168
1527573300,0.501504
1527573600,0.40331033
1527573900,0.36989656
1527574200,0.30248272
1527574500,0.36982158
1527574800,0.5296422
1527575100,0.4872164
1527575400,0.5971804
1527575700,0.31525707
1527576000,0.6257102
1527576300,0.8464592
1527576600,0.65140474
1527576900,0.44416696
1527577200,0.494491
1527577500,0.36158633
1527577800,0.5412412
1527578100,0.34535426
1527578400,0.27574268
1527578700,0.33017442
1527579000,0.4886749
1527579300,0.44375166
1527579600,0.4562944
1527579900,0.4444827
1527580200,0.7133437
1527580500,0.42258278
1527580800,0.42941254
1527581100,0.44862983
1527581400,0.5414497
1527581700,0.46123925
1527582000,0.521129
1527582300,0.36227497
1527582600,0.4930821
1527582900,0.651163
1527583200,0.4145093
1527583500,0.46155754
1527583800,0.3813089
1527584100,0.45454353
1527584400,0.31987154
1527584700,0.5733525
1527585000,0.7608427
1527585300,0.5480352
1527585600,0.5661101
1527585900,0.5314015
1527586200,0.5896967
1527586500,0.47701517
1527586800,0.5419765
1527587100,0.5613939
1527587400,0.60306376
1527587700,0.53034234
1527588000,0.67928404
1527588300,0.5461198
1527588600,0.6427229
1527588900,0.48559108
1527589200,0.56106037
1527589500,0.55365217
1527589800,0.3789958
1527590100,0.4563619
1527590400,0.5184257
1527590700,0.4340796
1527591000,0.50119764
1527591300,0.600185
1527591600,0.6103064
1527591900,0.37317747
1527592200,0.7114684
1527592500,0.62686765
1527592800,0.53026074
1527593100,0.33348355
1527593400,0.5397039
1527593700,0.49295264
1527594000,0.48565075
1527594300,0.43612674
1527594600,0.4529221
1527594900,0.5728663
1527595200,0.3569592
1527595500,0.595675
1527595800,0.62899166
1527596100,0.46805906
1527596400,0.4165601
1527596700,0.62856114
1527597000,0.56208384
1527597300,0.627216
1527597600,0.48636588
1527597900,0.39192373
1527598200,0.4178354
1527598500,0.46174687
1527598800,0.4827019
1527599100,0.4759552
1527599400,0.41532525
1527599700,0.5082984
1527600000,0.29798165
1527600300,0.28369945
1527600600,0.48413563
1527600900,0.35749406
1527601200,0.38545498
1527601500,0.33326244
1527601800,0.31892025
1527602100,0.42005607
1527602400,0.3155887
1527602700,0.29103136
1527603000,0.34137
1527603300,0.34244952
1527603600,0.4790346
1527603900,0.36703792
1527604200,0.49815685
1527604500,0.24040107
1527604800,0.4534191
1527605100,0.69065547
1527605400,0.32107246
1527605700,0.4469465
1527606000,0.3298893
1527606300,0.48396456
1527606600,0.3470642
1527606900,0.337706
1527607200,0.5026443
1527607500,0.39654782
1527607800,0.3310566
1527608100,0.24880648
1527608400,0.36162218
1527608700,0.47129768
1527609000,0.355655
1527609300,0.4577136
1527609600,0.33297288
1527609900,0.34428602
1527610200,0.47741178
1527610500,0.38433662
1527610800,0.2686151
1527611100,0.28056198
1527611400,0.33908626
1527611700,0.26362264
1527612000,0.31476337
1527612300,0.41909176
1527612600,0.32933095
1527612900,0.39802447
1527613200,0.24973375
1527613500,0.40106
1527613800,0.3141129
1527614100,0.30295923
1527614400,0.2589318
1527614700,0.4929613
1527615000,0.41674086
1527615300,0.1920001
1527615600,0.2190059
1527615900,0.36760238
1527616200,0.4635733
1527616500,0.2080026
1527616800,0.35597345
1527617100,0.10762913
1527617400,0.4695563
1527617700,0.16589639
1527618000,0.2929666
1527618300,0.2848645
1527618600,0.40704545
1527618900,0.3235561
1527619200,0.32190266
1527619500,0.31823546
1527619800,0.1628918
1527620100,0.30860794
1527620400,0.41047463
1527620700,0.24236038
1527621000,0.32015038
1527621300,0.281075
1527621600,0.22756696
1527621900,0.21158755
1527622200,0.17914218
1527622500,0.16698188
1527622800,0.08599212
1527623100,0.34282723
1527623400,0.16398531
1527623700,0.24269193
1527624000,0.25214013
1527624300,0.2698922
1527624600,0.3320366
1527624900,0.35964096
1527625200,0.5587759
1527625500,0.3454265
1527625800,0.17734338
1527626100,0.1321331
1527626400,0.17838474
1527626700,0.285443
1527627000,0.31429172
1527627300,0.07391295
1527627600,0.22417548
1527627900,0.13018934
1527628200,0.17230883
1527628500,0.21050249
1527628800,0.14657278
1527629100,0.11007842
1527629400,0.21869652
1527629700,0.2098196
1527630000,0.19605355
1527630300,0.14806671
1527630600,0.12056982
1527630900,0.081746325
1527631200,0.29736912
1527631500,0.26756507
1527631800,0.057009965
1527632100,0.11476977
1527632400,0.1947136
1527632700,0.20973797
1527633000,0.3984878
1527633300,0.095060736
1527633600,0.20485182
1527633900,0.31937265
1527634200,0.21831748
1527634500,0.23649666
1527634800,0.3269804
1527635100,0.12838529
1527635400,0.12741767
1527635700,0.29619423
1527636000,0.13164519
1527636300,0.23413646
1527636600,0.23645177
1527636900,0.29827154
1527637200,0.23186412
1527637500,0.24475309
1527637800,0.07308161
1527638100,0.21557128
1527638400,0.1400939
1527638700,0.17648317
1527639000,0.23162264
1527639300,0.37822565
1527639600,0.3492483
1527639900,0.059700288
1527640200,0.52557945
1527640500,0.21616921
1527640800,0.23707382
1527641100,0.19922675
1527641400,0.12682201
1527641700,0.34843677
1527642000,0.24503991
1527642300,0.2809169
1527642600,0.21278486
1527642900,0.4060787
1527643200,0.3182171
1527643500,0.39399123
1527643800,0.12191474
1527644100,0.2582616
1527644400,0.24144398
1527644700,0.22792143
1527645000,0.1860648
1527645300,0.24245724
1527645600,0.04279936
1527645900,0.34443307
1527646200,0.29279646
1527646500,0.22806083
1527646800,0.28068098
1527647100,0.27818927
1527647400,0.5085998
1527647700,0.34705073
1527648000,0.31070402
1527648300,0.17176391
1527648600,0.3417335
1527648900,0.32602924
1527649200,0.48503855
1527649500,0.26531073
1527649800,0.46857548
1527650100,0.2397855
1527650400,0.52096385
1527650700,0.5185039
1527651000,0.17709005
1527651300,0.43654743
1527651600,0.2768591
1527651900,0.38489342
1527652200,0.15412286
1527652500,0.21636847
1527652800,0.29962146
1527653100,0.44517466
1527653400,0.2732436
1527653700,0.41625774
1527654000,0.40824437
1527654300,0.349606
1527654600,0.29290238
1527654900,0.3099535
1527655200,0.44432002
1527655500,0.2034098
1527655800,0.33053902
1527656100,0.559259
1527656400,0.42370784
1527656700,0.4800807
1527657000,0.45005167
1527657300,0.48025578
1527657600,0.25742474
1527657900,0.5510373
1527658200,0.32977045
1527658500,0.47368288
1527658800,0.41393045
1527659100,0.41776842
1527659400,0.4499574
1527659700,0.38176197
1527660000,0.37097502
1527660300,0.36665982
1527660600,0.7128135
1527660900,0.93620616
1527661200,0.42868766
1527661500,0.34736878
1527661800,0.322166
1527662100,0.59098464
1527662400,0.41777983
1527662700,0.37134108
1527663000,0.38740778
1527663300,0.51973516
1527663600,0.36001948
1527663900,0.7214709
1527664200,0.43355373
1527664500,0.48456866
1527664800,0.67364323
1527665100,0.56031525
1527665400,0.5127744
1527665700,0.45386776
1527666000,0.36372182
1527666300,0.51345634
1527666600,0.45325938
1527666900,0.37827003
1527667200,0.5489199
1527667500,0.51437074
1527667800,0.31141132
1527668100,0.51844335
1527668400,0.37842062
1527668700,0.40209746
1527669000,0.7497704
1527669300,0.5320003
1527669600,0.5041462
1527669900,0.4227744
1527670200,0.55650455
1527670500,0.406684
1527670800,0.5350387
1527671100,0.37233806
1527671400,0.49538428
1527671700,0.43739566
1527672000,0.54721874
1527672300,0.46378547
1527672600,0.5058826
1527672900,0.48925477
1527673200,0.6217614
1527673500,0.36227915
1527673800,0.6246865
1527674100,0.40935645
1527674400,0.8603708
1527674700,0.4789814
1527675000,0.7642582
1527675300,0.6631497
1527675600,0.51656234
1527675900,0.6033512
1527676200,0.6410424
1527676500,0.836673
1527676800,0.567011
1527677100,0.47498733
1527677400,0.47022116
1527677700,0.513638
1527678000,0.5188574
1527678300,0.39201
1527678600,0.5765927
1527678900,0.5988693
1527679200,0.47264862
1527679500,0.69709134
1527679800,0.6630856
1527680100,0.5933849
1527680400,0.60052
1527680700,0.50125474
1527681000,0.5731047
1527681300,0.39970434
1527681600,0.3023591
1527681900,0.32607135
1527682200,0.5184925
1527682500,0.55121905
1527682800,0.43563715
1527683100,0.42085364
1527683400,0.5222843
1527683700,0.4679477
1527684000,0.4900348
1527684300,0.520813
1527684600,0.27390152
1527684900,0.5036545
1527685200,0.50047755
1527685500,0.3842558
1527685800,0.507972
1527686100,0.43797493
1527686400,0.51402116
1527686700,0.52421415
1527687000,0.33916274
1527687300,0.37389475
1527687600,0.3702877
1527687900,0.5800071
1527688200,0.46815673
1527688500,0.5124406
1527688800,0.5580862
1527689100,0.336988
1527689400,0.43220186
1527689700,0.1881596
1527690000,0.41914347
1527690300,0.47267187
1527690600,0.45458326
1527690900,0.35713622
1527691200,0.56188637
1527691500,0.26031843
1527691800,0.4078837
1527692100,0.38705766
1527692400,0.25554356
1527692700,0.28179696
1527693000,0.40913498
1527693300,0.23871121
1527693600,0.36097342
1527693900,0.3822504
1527694200,0.405186
1527694500,0.3488207
1527694800,0.2798702
1527695100,0.21220861
1527695400,0.2232576
1527695700,0.4107525
1527696000,0.32695296
1527696300,0.27213958
1527696600,0.4805332
1527696900,0.25913197
1527697200,0.54585195
1527697500,0.65015125
1527697800,0.20993094
1527698100,0.23277968
1527698400,0.34221503
1527698700,0.16761096
1527699000,0.3885049
1527699300,0.27940792
1527699600,0.3310266
1527699900,0.36414704
1527700200,0.16692577
1527700500,0.3236659
1527700800,0.30557427
1527701100,0.34277984
1527701400,0.3200527
1527701700,0.2174285
1527702000,0.2541509
1527702300,0.321197
1527702600,0.2293148
1527702900,0.06845327
1527703200,0.3022418
1527703500,0.23200421
1527703800,0.30408737
1527704100,0.55782145
1527704400,0.08780606
1527704700,0.44760138
1527705000,0.30526584
1527705300,0.41180405
1527705600,0.31913418
1527705900,0.12784293
1527706200,0.14028062
1527706500,0.17524631
1527706800,0.16847573
1527707100,0.098425895
1527707400,0.19755782
1527707700,0.15755685
1527708000,0.23367243
1527708300,0.01
1527708600,0.24717303
1527708900,0.14706984
1527709200,0.109677926
1527709500,0.30375108
1527709800,0.27518612
1527710100,0.19558863
1527710400,0.2420394
1527710700,0.38494077
1527711000,0.2894342
1527711300,0.24381423
1527711600,0.28354594
1527711900,0.2058428
1527712200,0.4520085
1527712500,0.19348921
1527712800,0.21228816
1527713100,0.033845596
1527713400,0.1644636
1527713700,0.25853834
1527714000,0.24284545
1527714300,0.08139895
1527714600,0.22855969
1527714900,0.14531253
1527715200,0.23092239
1527715500,0.1440604
1527715800,0.30486435
1527716100,0.15194319
1527716400,0.09378447
1527716700,0.1500454
1527717000,0.27566448
1527717300,0.114667565
1527717600,0.26481083
1527717900,0.14570168
1527718200,0.22959687
1527718500,0.2720007
1527718800,0.3025118
1527719100,0.2495617
1527719400,0.07017989
1527719700,0.07798628
1527720000,0.28496903
1527720300,0.24203923
1527720600,0.23984398
1527720900,0.1973091
1527721200,0.22886069
1527721500,0.32739764
1527721800,0.27788284
1527722100,0.14917007
1527722400,0.14173457
1527722700,0.08041532
1527723000,0.06534234
1527723300,0.42856747
1527723600,0.11650291
1527723900,0.3072253
1527724200,0.0416289
1527724500,0.14431038
1527724800,0.25761482
1527725100,0.22269948
1527725400,0.22097242
1527725700,0.3311265
1527726000,0.43312314
1527726300,0.15488929
1527726600,0.124278285
1527726900,0.1447279
1527727200,0.21351409
1527727500,0.027891733
1527727800,0.2802627
1527728100,0.23342927
1527728400,0.31533146
1527728700,0.19161512
1527729000,0.14079528
1527729300,0.17791809
1527729600,0.41742823
1527729900,0.19963707
1527730200,0.120090485
1527730500,0.22495534
1527730800,0.31204575
1527731100,0.36247817
1527731400,0.39851528
1527731700,0.18958887
1527732000,0.41153675
1527732300,0.15287662
1527732600,0.22380592
1527732900,0.21915427
1527733200,0.16323468
1527733500,0.27369687
1527733800,0.31299642
1527734100,0.41635934
1527734400,0.2764799
1527734700,0.24582836
1527735000,0.3430646
1527735300,0.33367243
1527735600,0.36172694
1527735900,0.31495783
1527736200,0.3127492
1527736500,0.397421
1527736800,0.417201
1527737100,0.43832782
1527737400,0.3010252
1527737700,0.28449193
1527738000,0.23278846
1527738300,0.15494417
1527738600,0.3761146
1527738900,0.15964039
1527739200,0.3537684
1527739500,0.5282781
1527739800,0.30149615
1527740100,0.5276436
1527740400,0.41606686
1527740700,0.35906458
1527741000,0.18765645
1527741300,0.4067841
1527741600,0.3281635
1527741900,0.3489383
1527742200,0.2345746
1527742500,0.17342262
1527742800,0.24380426
1527743100,0.43989137
1527743400,0.47408882
1527743700,0.3671741
1527744000,0.2702267
1527744300,0.30416897
1527744600,0.37465414
1527744900,0.48074448
1527745200,0.27192673
1527745500,0.54156405
1527745800,0.42083585
1527746100,0.41009152
1527746400,0.4735636
1527746700,0.45202047
1527747000,0.38413388
1527747300,0.2559766
1527747600,0.49131736
1527747900,0.4783311
1527748200,0.43194163
1527748500,0.49113116
1527748800,0.46530277
1527749100,0.2190364
1527749400,0.5301119
1527749700,0.9257226
1527750000,0.46657884
1527750300,0.49302527
1527750600,0.4498227
1527750900,0.43302083
1527751200,0.42686287
1527751500,0.32513195
1527751800,0.39564154
1527752100,0.41951895
1527752400,0.49917424
1527752700,0.3619209
1527753000,0.425748
1527753300,0.51403975
1527753600,0.5256428
1527753900,0.32817534
1527754200,0.2623055
1527754500,0.51099384
1527754800,0.47721517
1527755100,0.5129152
1527755400,0.49603477
1527755700,0.5865759
1527756000,0.37282473
1527756300,0.5098921
1527756600,0.5424905
1527756900,0.41313893
1527757200,0.5114256
1527757500,0.38772276
1527757800,0.11132528
1527758100,0.5185527
1527758400,0.5037669
1527758700,0.3154819
1527759000,0.41818783
1527759300,0.46169087
1527759600,0.5891679
1527759900,0.38787264
1527760200,0.50300014
1527760500,0.59498703
1527760800,0.38629144
1527761100,0.460113
1527761400,0.49534857
1527761700,0.2325781
1527762000,0.36471838
1527762300,0.47862542
1527762600,0.48351276
1527762900,0.6101178
1527763200,0.43424523
1527763500,0.47459313
1527763800,0.59381175
1527764100,0.5209964
1527764400,0.8947619
1527764700,0.3899359
1527765000,0.45034915
1527765300,0.52490276
1527765600,0.48051307
1527765900,0.48255563
1527766200,0.5185052
1527766500,0.5446622
1527766800,0.47759196
1527767100,0.4955083
1527767400,0.45984125
1527767700,0.383123
1527768000,0.45364004
1527768300,0.4414388
1527768600,0.63416624
1527768900,0.5270373
1527769200,0.4439993
1527769500,0.49728167
1527769800,0.5170999
1527770100,0.36236185
1527770400,0.46081683
1527770700,0.54161114
1527771000,0.60161674
1527771300,0.36830658
1527771600,0.53260136
1527771900,0.31300429
1527772200,0.40518358
1527772500,0.38024268
1527772800,0.30346552
1527773100,0.26657337
1527773400,0.4907559
1527773700,0.33455962
1527774000,0.39080396
1527774300,0.42927155
1527774600,0.82985276
1527774900,0.35253838
1527775200,0.40900335
1527775500,0.19382614
1527775800,0.335505
1527776100,0.42906547
1527776400,0.86610615
1527776700,0.4645946
1527777000,0.44066983
1527777300,0.532603
1527777600,0.3407104
1527777900,0.39718166
1527778200,0.3089716
1527778500,0.3747896
1527778800,0.268417
1527779100,0.4095431
1527779400,0.41515487
1527779700,0.45179322
1527780000,0.6262184
1527780300,0.40513197
1527780600,0.37798607
1527780900,0.26117676
1527781200,0.37762147
1527781500,0.27272493
1527781800,0.33634096
1527782100,0.38610643
1527782400,0.36249655
1527782700,0.4460856
1527783000,0.26080376
1527783300,0.2256279
1527783600,0.24075364
1527783900,0.38281298
1527784200,0.2204965
1527784500,0.24497893
1527784800,0.2698109
1527785100,0.35311168
1527785400,0.30829284
1527785700,0.44466126
1527786000,0.18798408
1527786300,0.1331341
1527786600,0.27778518
1527786900,0.70022154
1527787200,0.25750735
1527787500,0.3392956
1527787800,0.060256436
1527788100,0.03190077
1527788400,0.19654028
1527788700,0.20238122
1527789000,0.01
1527789300,0.19085447
1527789600,0.09574794
1527789900,0.1581361
1527790200,0.2714709
1527790500,0.33392608
1527790800,0.3738955
1527791100,0.25111684
1527791400,0.11978126
1527791700,0.30950013
1527792000,0.3155812
1527792300,0.16838521
1527792600,0.1550221
1527792900,0.12120442
1527793200,0.14229544
1527793500,0.18473215
1527793800,0.39685407
1527794100,0.3774704
1527794400,0.36560374
1527794700,0.11235006
1527795000,0.20720503
1527795300,0.103351824
1527795600,0.19677955
1527795900,0.08474158
1527796200,0.3271951
1527796500,0.11958496
1527796800,0.23048684
1527797100,0.080459565
1527797400,0.13542634
1527797700,0.18729043
1527798000,0.27559566
1527798300,0.297177
1527798600,0.08206574
1527798900,0.10635847
1527799200,0.20195249
1527799500,0.13252467
1527799800,0.16134065
1527800100,0.34001216
1527800400,0.16071755
1527800700,0.23522097
1527801000,0.18017262
1527801300,0.11851178
1527801600,0.22702175
1527801900,0.0677697
1527802200,0.17474686
1527802500,0.11503673
1527802800,0.3304661
1527803100,0.23876983
1527803400,0.2125514
1527803700,0.090163365
1527804000,0.35141593
1527804300,0.27230775
1527804600,0.16123295
1527804900,0.14596891
1527805200,0.14837413
1527805500,0.1459309
1527805800,0.60329384
1527806100,0.13896485
1527806400,0.01
1527806700,0.13092272
1527807000,0.2573351
1527807300,0.2002256
1527807600,0.16457948
1527807900,0.061313305
1527808200,0.27352205
1527808500,0.01
1527808800,0.18031077
1527809100,0.047989123
1527809400,0.045202
1527809700,0.11018778
1527810000,0.047984645
1527810300,0.3517018
1527810600,0.10873497
1527810900,0.018688316
1527811200,0.16339113
1527811500,0.24263693
1527811800,0.07258376
1527812100,0.3194263
1527812400,0.20378475
1527812700,0.45975152
1527813000,0.20598371
1527813300,0.041710027
1527813600,0.13257723
1527813900,0.14607365
1527814200,0.4780124
1527814500,0.21498838
1527814800,0.33751476
1527815100,0.23728329
1527815400,0.2705073
1527815700,0.20901255
1527816000,0.33008814
1527816300,0.1737191
1527816600,0.1715847
1527816900,0.24432056
1527817200,0.072095
1527817500,0.3901227
1527817800,0.2261311
1527818100,0.33864313
1527818400,0.23835136
1527818700,0.4009899
1527819000,0.24669422
1527819300,0.21693182
1527819600,0.3568446
1527819900,0.20643371
1527820200,0.15435843
1527820500,0.34902903
1527820800,0.19235061
1527821100,0.1958383
1527821400,0.109634444
1527821700,0.15960035
1527822000,0.36793193
1527822300,0.24554718
1527822600,0.2992429
1527822900,0.36416632
1527823200,0.28754646
1527823500,0.25340003
1527823800,0.24846564
1527824100,0.41041157
1527824400,0.3798274
1527824700,0.3127168
1527825000,0.43409273
1527825300,0.38094655
1527825600,0.4211701
1527825900,0.42015138
1527826200,0.29458767
1527826500,0.45421493
1527826800,0.33239377
1527827100,0.3686564
1527827400,0.30924967
1527827700,0.21459623
1527828000,0.35895327
1527828300,0.3738137
1527828600,0.09914903
1527828900,0.48813823
1527829200,0.50027096
1527829500,0.35418722
1527829800,0.29065865
1527830100,0.25972888
1527830400,0.3550472
1527830700,0.29908836
1527831000,0.5340957
1527831300,0.5128296
1527831600,0.3874395
1527831900,0.3139807
1527832200,0.68059915
1527832500,0.45963532
1527832800,0.24578623
1527833100,0.2811484
1527833400,0.39536056
1527833700,0.38453883
1527834000,0.5592377
1527834300,0.4342509
1527834600,0.35989323
1527834900,0.5227489
1527835200,0.36824977
1527835500,0.49189094
1527835800,0.4711484
1527836100,0.36187443
1527836400,0.4174496
1527836700,0.52653754
1527837000,0.44226688
1527837300,0.6551845
1527837600,0.57284975
1527837900,0.6326203
1527838200,0.29134142
1527838500,0.68778026
1527838800,0.48964825
1527839100,0.60868514
1527839400,0.29503393
1527839700,0.4211378
1527840000,0.5792254
1527840300,0.38818696
1527840600,0.44126073
1527840900,0.41859433
1527841200,0.3349648
1527841500,0.43967977
1527841800,0.5457997
1527842100,0.47832617
1527842400,0.5756725
1527842700,0.4938497
1527843000,0.577459
1527843300,0.5541019
1527843600,0.5421499
1527843900,0.6879305
1527844200,0.6165218
1527844500,0.5009294
1527844800,0.46516117
1527845100,0.27899083
1527845400,0.40823513
1527845700,0.4503408
1527846000,0.527237
1527846300,0.59736735
1527846600,0.41048685
1527846900,0.59121567
1527847200,0.6964649
1527847500,0.37254545
1527847800,0.46680233
1527848100,0.8984982
1527848400,0.44254878
1527848700,0.5710411
1527849000,0.40536222
1527849300,0.47349226
1527849600,0.5192493
1527849900,0.43121314
1527850200,0.44084415
1527850500,0.3862771
1527850800,0.4962544
1527851100,0.56729615
1527851400,0.43089253
1527851700,0.45117247
1527852000,0.5113463
1527852300,0.48775464
1527852600,0.41890678
1527852900,0.3895227
1527853200,0.29852173
1527853500,0.35104173
1527853800,0.4848291
1527854100,0.69612855
1527854400,0.5188952
1527854700,0.49518162
1527855000,0.460483
1527855300,0.45737222
1527855600,0.36331686
1527855900,0.3618604
1527856200,0.3514324
1527856500,0.4485472
1527856800,0.40885174
1527857100,0.39886886
1527857400,0.54121053
1527857700,0.39590928
1527858000,0.45333746
1527858300,0.5306823
1527858600,0.23023178
1527858900,0.781634
1527859200,0.34266785
1527859500,0.38757733
1527859800,0.3459485
1527860100,0.28200895
1527860400,0.34168443
1527860700,0.3510782
1527861000,0.35385466
1527861300,0.5018625
1527861600,0.36019525
1527861900,0.36338946
1527862200,0.36150187
1527862500,0.3305494
1527862800,0.42615977
1527863100,0.22562964
1527863400,0.5230194
1527863700,0.31856778
1527864000,0.4688071
1527864300,0.33385482
1527864600,0.35281777
1527864900,0.37268567
1527865200,0.11671011
1527865500,0.22810055
1527865800,0.4832429
1527866100,0.24423213
1527866400,0.3991342
1527866700,0.4131572
1527867000,0.23771869
1527867300,0.4843261
1527867600,0.3572419
1527867900,0.53356653
1527868200,0.25655615
1527868500,0.26751024
1527868800,0.5255266
1527869100,0.326382
1527869400,0.36197108
1527869700,0.18883665
1527870000,0.15765566
1527870300,0.276331
1527870600,0.6947805
1527870900,0.2340532
1527871200,0.35337847
1527871500,0.17902046
1527871800,0.14847314
1527872100,0.1237586
1527872400,0.37299186
1527872700,0.01
1527873000,0.1680469
1527873300,0.36060447
1527873600,0.37696669
1527873900,0.3847776
1527874200,0.17436828
1527874500,0.2168088
1527874800,0.20748986
1527875100,0.17810799
1527875400,0.28403878
1527875700,0.2973265
1527876000,0.19562855
1527876300,0.2300714
1527876600,0.38713366
1527876900,0.24321416
1527877200,0.14484134
1527877500,0.21574551
1527877800,0.19926235
1527878100,0.38652402
1527878400,0.26394737
1527878700,0.2218011
1527879000,0.28498545
1527879300,0.30204543
1527879600,0.43418702
1527879900,0.051856387
1527880200,0.16425829
1527880500,0.28044546
1527880800,0.24455063
1527881100,0.06478895
1527881400,0.14949891
1527881700,0.085664086
1527882000,0.15298264
1527882300,0.2137133
1527882600,0.13704385
1527882900,0.14321391
1527883200,0.20053902
1527883500,0.20853016
1527883800,0.30258343
1527884100,0.12094864
1527884400,0.078906275
1527884700,0.10830294
1527885000,0.106491566
1527885300,0.14679563
1527885600,0.3576752
1527885900,0.16568884
1527886200,0.13486256
1527886500,0.20915678
1527886800,0.22694206
1527887100,0.2521695
1527887400,0.19147572
1527887700,0.2131141
1527888000,0.22352909
1527888300,0.3536653
1527888600,0.2986791
1527888900,0.2020403
1527889200,0.25080216
1527889500,0.21009995
1527889800,0.0922976
1527890100,0.01
1527890400,0.34696358
1527890700,0.09954286
1527891000,0.06976634
1527891300,0.17061387
1527891600,0.25392723
1527891900,0.13143271
1527892200,0.19379374
1527892500,0.22531043
1527892800,0.07423041
1527893100,0.13290302
1527893400,0.1118951
1527893700,0.62647235
1527894000,0.16198036
1527894300,0.22807223
1527894600,0.25361028
1527894900,0.31013915
1527895200,0.24698028
1527895500,0.225932
1527895800,0.13986905
1527896100,0.34517032
1527896400,0.280345
1527896700,0.28190553
1527897000,0.09720253
1527897300,0.13901567
1527897600,0.010619975
1527897900,0.22814792
1527898200,0.31487852
1527898500,0.19203654
1527898800,0.046739563
1527899100,0.26141474
1527899400,0.25058588
1527899700,0.2705764
1527900000,0.037009656
1527900300,0.23812419
1527900600,0.07102322
1527900900,0.20076829
1527901200,0.19353878
1527901500,0.29291067
1527901800,0.17069662
1527902100,0.011938451
1527902400,0.10091729
1527902700,0.27059102
1527903000,0.26572332
1527903300,0.1672231
1527903600,0.4090104
1527903900,0.27073124
1527904200,0.33078617
1527904500,0.24973166
1527904800,0.39169377
1527905100,0.37615255
1527905400,0.2116795
1527905700,0.22981331
1527906000,0.2097157
1527906300,0.24004494
1527906600,0.15506619
1527906900,0.33256742
1527907200,0.25843096
1527907500,0.2818364
1527907800,0.23236994
1527908100,0.34343085
1527908400,0.4652873
1527908700,0.41959634
1527909000,0.31854337
1527909300,0.18840006
1527909600,0.1825056
1527909900,0.5604252
1527910200,0.34387913
1527910500,0.36327365
1527910800,0.3044911
1527911100,0.47369772
1527911400,0.34868705
1527911700,0.3717042
1527912000,0.31057936
1527912300,0.42011487
1527912600,0.34350047
1527912900,0.39491966
1527913200,0.4164802
1527913500,0.16717143
1527913800,0.19634166
1527914100,0.29635
1527914400,0.44619077
1527914700,0.43532526
1527915000,0.22700576
1527915300,0.4912126
1527915600,0.27288604
1527915900,0.3724928
1527916200,0.73030704
1527916500,0.38206404
1527916800,0.5726677
1527917100,0.3997329
1527917400,0.3751705
1527917700,0.39467123
1527918000,0.49962485
1527918300,0.39056286
1527918600,0.24252376
1527918900,0.38987455
1527919200,0.23129801
1527919500,0.32766685
1527919800,0.44800505
1527920100,0.20450552
1527920400,0.45548582
1527920700,0.5511025
1527921000,0.44518468
1527921300,0.569745
1527921600,0.39285132
1527921900,0.3101784
1527922200,0.43044862
1527922500,0.5497643
1527922800,0.49122715
1527923100,0.55129236
1527923400,0.5032885
1527923700,0.40193558
1527924000,0.49975127
1527924300,0.4176194
1527924600,0.45492014
1527924900,0.46345094
1527925200,0.6317482
1527925500,0.3929451
1527925800,0.5822443
1527926100,0.5187725
1527926400,0.569049
1527926700,0.60942215
1527927000,0.5556961
1527927300,0.46340021
1527927600,0.42781895
1527927900,0.52924097
1527928200,0.525578
1527928500,0.4886067
1527928800,0.54281443
1527929100,0.46974206
1527929400,0.51036566
1527929700,0.41302383
1527930000,0.52790475
1527930300,0.6525592
1527930600,0.4053802
1527930900,0.47159752
1527931200,0.5255765
1527931500,0.510701
1527931800,0.35657164
1527932100,0.926835
1527932400,0.49551255
1527932700,0.54738057
1527933000,0.48419312
1527933300,0.67305493
1527933600,0.6551865
1527933900,0.45332795
1527934200,0.5209769
1527934500,0.43003452
1527934800,0.7542953
1527935100,0.38029957
1527935400,0.38361228
1527935700,0.4835302
1527936000,0.5151545
1527936300,0.3846589
1527936600,0.53015846
1527936900,0.4547106
1527937200,0.47972775
1527937500,0.3957859
1527937800,0.34426427
1527938100,0.33213684
1527938400,0.5711177
1527938700,0.50549984
1527939000,0.44030634
1527939300,0.2845266
1527939600,0.48226032
1527939900,0.3676213
1527940200,0.3772779
1527940500,0.40612212
1527940800,0.4213144
1527941100,0.45876914
1527941400,0.3964759
1527941700,0.34545004
1527942000,0.39046997
1527942300,0.5413804
1527942600,0.4266218
1527942900,0.37106442
1527943200,0.78336996
1527943500,0.31484175
1527943800,0.45803806
1527944100,0.34756708
1527944400,0.44296473
1527944700,0.42964548
1527945000,0.3044623
1527945300,0.44610062
1527945600,0.4235033
1527945900,0.37988555
1527946200,0.542795
1527946500,0.52990586
1527946800,0.4436873
1527947100,0.3679704
1527947400,0.47203937
1527947700,0.4070368
1527948000,0.50965774
1527948300,0.46781978
1527948600,0.47572955
1527948900,0.48755872
1527949200,0.33102414
1527949500,0.35763654
1527949800,0.41970283
1527950100,0.51070607
1527950400,0.2601374
1527950700,0.3828163
1527951000,0.40600237
1527951300,0.37084395
1527951600,0.35395634
1527951900,0.37039456
1527952200,0.22228542
1527952500,0.33503664
1527952800,0.3278067
1527953100,0.26616266
1527953400,0.35637593
1527953700,0.27152312
1527954000,0.44141605
1527954300,0.2772368
1527954600,0.46266472
1527954900,0.36798286
1527955200,0.3674129
1527955500,0.34219712
1527955800,0.398016
1527956100,0.30886695
1527956400,0.14697856
1527956700,0.35235596
1527957000,0.41704628
1527957300,0.55528027
1527957600,0.360875
1527957900,0.33835185
1527958200,0.40615898
1527958500,0.41333416
1527958800,0.46014616
1527959100,0.4040231
1527959400,0.25993732
1527959700,0.25146624
1527960000,0.10459029
1527960300,0.49725077
1527960600,0.21666048
1527960900,0.3496459
1527961200,0.26539543
1527961500,0.2109857
1527961800,0.17889416
1527962100,0.25342157
1527962400,0.2674064
1527962700,0.46616727
1527963000,0.2822562
1527963300,0.19705348
1527963600,0.18809566
1527963900,0.25872794
1527964200,0.29114932
1527964500,0.5465974
1527964800,0.153815
1527965100,0.3489084
1527965400,0.18218514
1527965700,0.13218054
1527966000,0.040183287
1527966300,0.08137757
1527966600,0.1889536
1527966900,0.26444918
1527967200,0.23965548
1527967500,0.4274265
1527967800,0.5108046
1527968100,0.2841375
1527968400,0.061075862
1527968700,0.32413778
1527969000,0.19046262
1527969300,0.29512247
1527969600,0.28506035
1527969900,0.18111634
1527970200,0.22890887
1527970500,0.30865893
1527970800,0.16060823
1527971100,0.25636837
1527971400,0.2421749
1527971700,0.17201167
1527972000,0.24522008
1527972300,0.33558586
1527972600,0.06153418
1527972900,0.01
1527973200,0.22028583
1527973500,0.15212734
1527973800,0.15586622
1527974100,0.37994075
1527974400,0.27902243
1527974700,0.1368862
1527975000,0.31043297
1527975300,0.18641868
1527975600,0.17959645
1527975900,0.16385275
1527976200,0.29492894
1527976500,0.15357588
1527976800,0.18020564
1527977100,0.33156627
1527977400,0.15713811
1527977700,0.23962326
1527978000,0.20611186
1527978300,0.2778532
1527978600,0.048645608
1527978900,0.23735867
1527979200,0.25193515
1527979500,0.26482886
1527979800,0.07476686
1527980100,0.24187085
1527980400,0.30388144
1527980700,0.19187921
1527981000,0.19278617
1527981300,0.30863503
1527981600,0.23706318
1527981900,0.20051281
1527982200,0.31225252
1527982500,0.12399098
1527982800,0.24098818
1527983100,0.31047237
1527983400,0.20155403
1527983700,0.01
1527984000,0.4945549
1527984300,0.281265
1527984600,0.16904569
1527984900,0.32876104
1527985200,0.28091583
1527985500,0.14063178
1527985800,0.07972576
1527986100,0.25589582
1527986400,0.20521238
1527986700,0.120416194
1527987000,0.2973348
1527987300,0.27295426
1527987600,0.2695473
1527987900,0.17900263
1527988200,0.3442168
1527988500,0.18908224
1527988800,0.3108753
1527989100,0.16366376
1527989400,0.2146751
1527989700,0.2493307
1527990000,0.31773627
1527990300,0.16377689
1527990600,0.049148664
1527990900,0.24918514
1527991200,0.29328454
1527991500,0.3224003
1527991800,0.27360615
1527992100,0.120604664
1527992400,0.2947638
1527992700,0.19612724
1527993000,0.41771546
1527993300,0.3505577
1527993600,0.33866778
1527993900,0.39321157
1527994200,0.3743044
1527994500,0.31422368
1527994800,0.31787416
1527995100,0.29016516
1527995400,0.20697217
1527995700,0.34798077
1527996000,0.39105022
1527996300,0.2913634
1527996600,0.36229017
1527996900,0.32073528
1527997200,0.42461568
1527997500,0.16065115
1527997800,0.29889873
1527998100,0.43143597
1527998400,0.3657686
1527998700,0.3127071
1527999000,0.23978068
1527999300,0.26247573
1527999600,0.34033698
1527999900,0.2654352
1528000200,0.45271397
1528000500,0.12329804
1528000800,0.33846933
1528001100,0.27086848
1528001400,0.41143873
1528001700,0.37698913
1528002000,0.46355242
1528002300,0.37372327
1528002600,0.27017233
1528002900,0.43194988
1528003200,0.45634973
1528003500,0.14320524
1528003800,0.4913697
1528004100,0.35816395
1528004400,0.4164635
1528004700,0.4810211
1528005000,0.34951848
1528005300,0.41498134
1528005600,0.3941778
1528005900,0.44841635
1528006200,0.47494173
1528006500,0.2621465
1528006800,0.4901552
1528007100,0.53314126
1528007400,0.40847832
1528007700,0.4336984
1528008000,0.4795526
1528008300,0.36252522
1528008600,0.4742505
1528008900,0.4718301
1528009200,0.3466694
1528009500,0.39458498
1528009800,0.59368384
1528010100,0.40922743
1528010400,0.3885682
1528010700,0.40690514
1528011000,0.392922
1528011300,0.31753895
1528011600,0.46778938
1528011900,0.43265963
1528012200,0.2887428
1528012500,0.60679346
1528012800,0.81133544
1528013100,0.6679917
1528013400,0.33183476
1528013700,0.42882463
1528014000,0.43849385
1528014300,0.458246
1528014600,0.35815147
1528014900,0.40556955
1528015200,0.5216461
1528015500,0.43978593
1528015800,0.50169677
1528016100,0.6457217
1528016400,0.5692727
1528016700,0.8374199
1528017000,0.52162796
1528017300,0.54413116
1528017600,0.40332356
1528017900,0.40343535
1528018200,0.43869033
1528018500,0.41825208
1528018800,0.50146204
1528019100,0.5408423
1528019400,0.54520506
1528019700,0.35797137
1528020000,0.40632486
1528020300,0.50950396
1528020600,0.55878675
1528020900,0.514992
1528021200,0.44591832
1528021500,0.4125626
1528021800,0.41190562
1528022100,0.5982747
1528022400,0.33724916
1528022700,0.5271443
1528023000,0.48344797
1528023300,0.42298025
1528023600,0.4528486
1528023900,0.5812335
1528024200,0.4169159
1528024500,0.57075936
1528024800,0.42600402
1528025100,0.5705458
1528025400,0.60052836
1528025700,0.5750816
1528026000,0.54991466
1528026300,0.4369457
1528026600,0.6590573
1528026900,0.3923092
1528027200,0.47669792
1528027500,0.5404163
1528027800,0.5307342
1528028100,0.27356026
1528028400,0.8464068
1528028700,0.48888046
1528029000,0.55327576
1528029300,0.27725843
1528029600,0.442817
1528029900,0.49782747
1528030200,0.41829243
1528030500,0.2949456
1528030800,0.6082197
1528031100,0.5196776
1528031400,0.35850322
1528031700,0.23012866
1528032000,0.5691626
1528032300,0.5044475
1528032600,0.42602718
1528032900,0.42099765
1528033200,0.2645926
1528033500,0.44391447
1528033800,0.39426637
1528034100,0.39543095
1528034400,0.44648603
1528034700,0.41038123
1528035000,0.38656655
1528035300,0.35741565
1528035600,0.24152412
1528035900,0.40111676
1528036200,0.41840717
1528036500,0.3989446
1528036800,0.4652869
1528037100,0.31217661
1528037400,0.4192012
1528037700,0.5576989
1528038000,0.55096596
1528038300,0.41395736
1528038600,0.11944595
1528038900,0.225071
1528039200,0.31643263
1528039500,0.3836108
1528039800,0.37552136
1528040100,0.3335347
1528040400,0.416428
1528040700,0.3829823
1528041000,0.39101818
1528041300,0.46057242
1528041600,0.26325548
1528041900,0.36915156
1528042200,0.24674411
1528042500,0.35796297
1528042800,0.28951743
1528043100,0.3158828
1528043400,0.33600894
1528043700,0.42183587
1528044000,0.30833617
1528044300,0.42058855
1528044600,0.27857098
1528044900,0.28820512
1528045200,0.3194754
1528045500,0.38583213
1528045800,0.30467963
1528046100,0.27090013
1528046400,0.25413057
1528046700,0.2532995
1528047000,0.35974705
1528047300,0.32094944
1528047600,0.16824056
1528047900,0.3155654
1528048200,0.34157997
1528048500,0.31701672
1528048800,0.22738425
1528049100,0.25564203
1528049400,0.23672168
1528049700,0.33319113
1528050000,0.31112298
1528050300,0.36401626
1528050600,0.31465942
1528050900,0.11551187
1528051200,0.1646739
1528051500,0.35112345
1528051800,0.3109006
1528052100,0.18461989
1528052400,0.23238756
1528052700,0.2674886
1528053000,0.2971905
1528053300,0.267593
1528053600,0.31594607
1528053900,0.27847305
1528054200,0.25088823
1528054500,0.21811986
1528054800,0.17656659
1528055100,0.30790347
1528055400,0.22921449
1528055700,0.19991995
1528056000,0.3485735
1528056300,0.036989603
1528056600,0.18512927
1528056900,0.22738105
1528057200,0.050545976
1528057500,0.26433495
1528057800,0.12334097
1528058100,0.25677165
1528058400,0.17228271
1528058700,0.241409
1528059000,0.10642825
1528059300,0.30893424
1528059600,0.46389818
1528059900,0.15965524
1528060200,0.19334324
1528060500,0.154362
1528060800,0.22552013
1528061100,0.33238733
1528061400,0.01
1528061700,0.25614426
1528062000,0.30674043
1528062300,0.25587556
1528062600,0.1073785
1528062900,0.21941009
1528063200,0.23682562
1528063500,0.3280211
1528063800,0.23673245
1528064100,0.3362761
1528064400,0.08825385
1528064700,0.13427052
1528065000,0.11241148
1528065300,0.2157316
1528065600,0.17221147
1528065900,0.2949637
1528066200,0.3565881
1528066500,0.22518112
1528066800,0.1242281
1528067100,0.24605967
1528067400,0.20349428
1528067700,0.164755
1528068000,0.17639701
1528068300,0.31254065
1528068600,0.4436002
1528068900,0.07705284
1528069200,0.31133923
1528069500,0.20975234
1528069800,0.27022427
1528070100,0.29267442
